season,period,status,model,seed,horizon_h,mae,rmse,mape,r2,coverage,interval_width
winter,2024-02,insufficient_eligible_nodes,,,,,,,,,
spring,2024-05,ok,temporal_mlp,2026.0,1.0,3.8056957721710205,5.598587989807129,6.763961315155029,0.9494704604148865,,
spring,2024-05,ok,temporal_mlp,2026.0,2.0,3.9160685539245605,5.804950714111328,7.059367656707764,0.9458485841751099,,
spring,2024-05,ok,temporal_mlp,2026.0,3.0,4.035062313079834,5.951669692993164,7.285089015960693,0.9432003498077393,,
spring,2024-05,ok,temporal_mlp,2026.0,6.0,4.200499057769775,6.126585483551025,7.6104841232299805,0.9394931793212891,,
spring,2024-05,ok,dgt_identity_adaptive,2026.0,1.0,3.6651875972747803,5.458948135375977,6.363119125366211,0.9519596695899963,0.8049242424242424,11.356155395507812
spring,2024-05,ok,dgt_identity_adaptive,2026.0,2.0,3.9070563316345215,5.810446262359619,7.026873588562012,0.9457460641860962,0.7367424242424242,10.286450386047363
spring,2024-05,ok,dgt_identity_adaptive,2026.0,3.0,4.024372100830078,5.911040306091309,7.129554271697998,0.943973183631897,0.735479797979798,11.126849174499512
spring,2024-05,ok,dgt_identity_adaptive,2026.0,6.0,4.2044548988342285,6.156721115112305,7.680694103240967,0.9388964772224426,0.7596275252525253,12.307523727416992
spring,2024-05,ok,dgt_directed_road_adaptive,2026.0,1.0,3.6608493328094482,5.447357654571533,6.36191463470459,0.9521634578704834,0.8003472222222222,11.252604484558105
spring,2024-05,ok,dgt_directed_road_adaptive,2026.0,2.0,3.8814563751220703,5.785184383392334,6.963805675506592,0.9462167620658875,0.7391098484848485,10.309232711791992
spring,2024-05,ok,dgt_directed_road_adaptive,2026.0,3.0,4.02292537689209,5.922783374786377,7.14627742767334,0.9437503814697266,0.7342171717171717,11.060242652893066
spring,2024-05,ok,dgt_directed_road_adaptive,2026.0,6.0,4.1952900886535645,6.144336223602295,7.673542022705078,0.9391420483589172,0.7638888888888888,12.47652530670166
spring,2024-05,ok,temporal_mlp,2027.0,1.0,3.759615182876587,5.555769443511963,6.678067207336426,0.950240433216095,,
spring,2024-05,ok,temporal_mlp,2027.0,2.0,3.9216489791870117,5.82741641998291,7.023274898529053,0.9454286694526672,,
spring,2024-05,ok,temporal_mlp,2027.0,3.0,4.041207790374756,5.958307266235352,7.287508964538574,0.9430736303329468,,
spring,2024-05,ok,temporal_mlp,2027.0,6.0,4.217962741851807,6.147542953491211,7.739293575286865,0.9390785098075867,,
spring,2024-05,ok,dgt_identity_adaptive,2027.0,1.0,3.668661117553711,5.416199207305908,6.371789932250977,0.9527091383934021,0.7649936868686869,10.481805801391602
spring,2024-05,ok,dgt_identity_adaptive,2027.0,2.0,3.8293111324310303,5.691226959228516,6.801179885864258,0.9479495882987976,0.7744633838383839,11.508636474609375
spring,2024-05,ok,dgt_identity_adaptive,2027.0,3.0,3.905601739883423,5.777966499328613,6.955949306488037,0.9464674592018127,0.813604797979798,12.775185585021973
spring,2024-05,ok,dgt_identity_adaptive,2027.0,6.0,4.2589287757873535,6.178511142730713,7.627241134643555,0.9384632110595703,0.78125,12.612347602844238
spring,2024-05,ok,dgt_directed_road_adaptive,2027.0,1.0,3.6662983894348145,5.41306734085083,6.385178089141846,0.9527637958526611,0.7670454545454546,10.474675178527832
spring,2024-05,ok,dgt_directed_road_adaptive,2027.0,2.0,3.826517105102539,5.6870903968811035,6.80245304107666,0.9480252265930176,0.7743055555555556,11.50776195526123
spring,2024-05,ok,dgt_directed_road_adaptive,2027.0,3.0,3.894397735595703,5.773016929626465,6.944289207458496,0.9465591311454773,0.8177083333333334,12.828760147094727
spring,2024-05,ok,dgt_directed_road_adaptive,2027.0,6.0,4.25079870223999,6.173305034637451,7.627247333526611,0.9385668635368347,0.7850378787878788,12.679699897766113
spring,2024-05,ok,temporal_mlp,2028.0,1.0,3.776923656463623,5.581388473510742,6.739104747772217,0.9497804641723633,,
spring,2024-05,ok,temporal_mlp,2028.0,2.0,3.8687479496002197,5.780645370483398,6.958429336547852,0.9463011026382446,,
spring,2024-05,ok,temporal_mlp,2028.0,3.0,4.005310535430908,5.911396503448486,7.260453701019287,0.9439664483070374,,
spring,2024-05,ok,temporal_mlp,2028.0,6.0,4.201351642608643,6.130542278289795,7.6852707862854,0.9394149780273438,,
spring,2024-05,ok,dgt_identity_adaptive,2028.0,1.0,3.752901315689087,5.5544819831848145,6.452001571655273,0.950263500213623,0.780145202020202,10.769417762756348
spring,2024-05,ok,dgt_identity_adaptive,2028.0,2.0,3.84014892578125,5.7131571769714355,6.867758274078369,0.9475476741790771,0.7926136363636364,11.632018089294434
spring,2024-05,ok,dgt_identity_adaptive,2028.0,3.0,3.9116618633270264,5.7926530838012695,7.083548069000244,0.9461949467658997,0.7946654040404041,12.051957130432129
spring,2024-05,ok,dgt_identity_adaptive,2028.0,6.0,4.100775241851807,6.005967140197754,7.2821574211120605,0.9418522119522095,0.7413194444444444,12.213946342468262
spring,2024-05,ok,dgt_directed_road_adaptive,2028.0,1.0,3.6974480152130127,5.499411582946777,6.365454196929932,0.9512448310852051,0.7520517676767676,10.176628112792969
spring,2024-05,ok,dgt_directed_road_adaptive,2028.0,2.0,3.8483898639678955,5.733179092407227,6.8770060539245605,0.94717937707901,0.7709911616161617,11.285906791687012
spring,2024-05,ok,dgt_directed_road_adaptive,2028.0,3.0,3.917832612991333,5.831182956695557,7.1128716468811035,0.9454768300056458,0.7973484848484849,12.171330451965332
spring,2024-05,ok,dgt_directed_road_adaptive,2028.0,6.0,4.159099578857422,6.089314937591553,7.4197678565979,0.9402271509170532,0.7675189393939394,12.994608879089355
summer,2024-08,insufficient_eligible_nodes,,,,,,,,,
autumn,2024-11,ok,temporal_mlp,2026.0,1.0,3.7033472061157227,5.494917392730713,6.758957386016846,0.9498955607414246,,
autumn,2024-11,ok,temporal_mlp,2026.0,2.0,3.7978999614715576,5.645644664764404,6.876462936401367,0.9472258687019348,,
autumn,2024-11,ok,temporal_mlp,2026.0,3.0,3.925391674041748,5.795740604400635,7.153766632080078,0.9444760680198669,,
autumn,2024-11,ok,temporal_mlp,2026.0,6.0,3.917311668395996,5.807107925415039,7.162507057189941,0.9440093636512756,,
autumn,2024-11,ok,dgt_identity_adaptive,2026.0,1.0,3.6820013523101807,5.450751781463623,6.6993327140808105,0.9506977796554565,0.7755821078431373,10.698429107666016
autumn,2024-11,ok,dgt_identity_adaptive,2026.0,2.0,3.923441171646118,5.805851936340332,7.153388977050781,0.9441881775856018,0.7509191176470589,11.055611610412598
autumn,2024-11,ok,dgt_identity_adaptive,2026.0,3.0,3.9870686531066895,5.905575275421143,7.23497200012207,0.9423516988754272,0.7398897058823529,11.286418914794922
autumn,2024-11,ok,dgt_identity_adaptive,2026.0,6.0,4.472681522369385,6.459001541137695,8.178383827209473,0.9307329654693604,0.7873774509803921,13.531270027160645
autumn,2024-11,ok,dgt_directed_road_adaptive,2026.0,1.0,3.8570072650909424,5.559332370758057,6.821772575378418,0.9487139582633972,0.8091299019607843,12.29680347442627
autumn,2024-11,ok,dgt_directed_road_adaptive,2026.0,2.0,3.9722650051116943,5.83449125289917,7.226431369781494,0.9436362385749817,0.7622549019607843,11.32599925994873
autumn,2024-11,ok,dgt_directed_road_adaptive,2026.0,3.0,4.008970737457275,5.901743412017822,7.290421485900879,0.9424264430999756,0.7473958333333334,11.360974311828613
autumn,2024-11,ok,dgt_directed_road_adaptive,2026.0,6.0,4.333835601806641,6.39139986038208,8.07828140258789,0.93217533826828,0.7970281862745098,13.438972473144531
autumn,2024-11,ok,temporal_mlp,2027.0,1.0,3.7141597270965576,5.512747287750244,6.635071277618408,0.9495698809623718,,
autumn,2024-11,ok,temporal_mlp,2027.0,2.0,3.8514041900634766,5.717153072357178,7.027871131896973,0.9458804726600647,,
autumn,2024-11,ok,temporal_mlp,2027.0,3.0,3.9980387687683105,5.879904270172119,7.2060651779174805,0.9428517818450928,,
autumn,2024-11,ok,temporal_mlp,2027.0,6.0,4.094012260437012,5.984649658203125,7.444962024688721,0.9405333995819092,,
autumn,2024-11,ok,dgt_identity_adaptive,2027.0,1.0,3.7129108905792236,5.478585720062256,6.671436786651611,0.9501929879188538,0.8181678921568627,12.140437126159668
autumn,2024-11,ok,dgt_identity_adaptive,2027.0,2.0,3.947409152984619,5.856624126434326,7.35942268371582,0.9432078003883362,0.7614889705882353,10.988872528076172
autumn,2024-11,ok,dgt_identity_adaptive,2027.0,3.0,4.003118991851807,5.950201511383057,7.261453628540039,0.9414771199226379,0.7875306372549019,12.004287719726562
autumn,2024-11,ok,dgt_identity_adaptive,2027.0,6.0,4.314754962921143,6.343405246734619,7.921919822692871,0.933190107345581,0.7758884803921569,12.603927612304688
autumn,2024-11,ok,dgt_directed_road_adaptive,2027.0,1.0,3.7281272411346436,5.492464065551758,6.698424339294434,0.9499403238296509,0.8216911764705882,12.181997299194336
autumn,2024-11,ok,dgt_directed_road_adaptive,2027.0,2.0,3.981457233428955,5.886972904205322,7.49351692199707,0.942617654800415,0.7706801470588235,11.204575538635254
autumn,2024-11,ok,dgt_directed_road_adaptive,2027.0,3.0,4.00750732421875,5.956416606903076,7.264323711395264,0.9413548111915588,0.7896752450980392,12.057866096496582
autumn,2024-11,ok,dgt_directed_road_adaptive,2027.0,6.0,4.336219787597656,6.369463920593262,7.9811787605285645,0.9326400756835938,0.7754289215686274,12.614060401916504
autumn,2024-11,ok,temporal_mlp,2028.0,1.0,3.6690218448638916,5.461502552032471,6.618753910064697,0.9505031108856201,,
autumn,2024-11,ok,temporal_mlp,2028.0,2.0,3.826472282409668,5.6808180809021,6.935420513153076,0.9465662240982056,,
autumn,2024-11,ok,temporal_mlp,2028.0,3.0,3.9550907611846924,5.8508124351501465,7.193585395812988,0.9434158802032471,,
autumn,2024-11,ok,temporal_mlp,2028.0,6.0,4.009767532348633,5.916689872741699,7.290099620819092,0.9418762922286987,,
autumn,2024-11,ok,dgt_identity_adaptive,2028.0,1.0,3.77593994140625,5.540101528167725,6.723794460296631,0.9490681886672974,0.7339154411764706,10.552055358886719
autumn,2024-11,ok,dgt_identity_adaptive,2028.0,2.0,3.9103033542633057,5.799244403839111,6.978356838226318,0.9443151354789734,0.7737438725490197,11.029284477233887
autumn,2024-11,ok,dgt_identity_adaptive,2028.0,3.0,3.9284284114837646,5.828392028808594,7.078110218048096,0.943848729133606,0.8192401960784313,13.103829383850098
autumn,2024-11,ok,dgt_identity_adaptive,2028.0,6.0,4.263102054595947,6.338080883026123,7.922399997711182,0.9333022236824036,0.7267156862745098,12.20840835571289
autumn,2024-11,ok,dgt_directed_road_adaptive,2028.0,1.0,3.7828288078308105,5.545654296875,6.7694783210754395,0.9489660263061523,0.7282475490196079,10.428671836853027
autumn,2024-11,ok,dgt_directed_road_adaptive,2028.0,2.0,3.9087884426116943,5.794300556182861,6.97646427154541,0.9444100260734558,0.7791053921568627,11.128498077392578
autumn,2024-11,ok,dgt_directed_road_adaptive,2028.0,3.0,3.9254703521728516,5.819125652313232,7.086055755615234,0.9440271258354187,0.8235294117647058,13.192703247070312
autumn,2024-11,ok,dgt_directed_road_adaptive,2028.0,6.0,4.282054424285889,6.35720682144165,7.95132303237915,0.9328991174697876,0.7245710784313726,12.127784729003906
